unixday,close
1514903400,74.36000061035156
1514989800,74.58999633789062
1515076200,75.51000213623047
1515162600,75.41000366210938
1515421800,74.52999877929688
1515508200,75.30999755859375
1515594600,75.6500015258789
1515681000,75.55999755859375
1515767400,76.83999633789062
1516113000,77.11000061035156
1516199400,77.47000122070312
1516285800,77.38999938964844
1516372200,78.30000305175781
1516631400,78.58999633789062
1516717800,78.55000305175781
1516804200,79.44999694824219
1516890600,79.44000244140625
1516977000,80.08000183105469
1517236200,79.95999908447266
1517322600,78.62000274658203
1517409000,78.4800033569336
1517495400,79.19999694824219
1517581800,77.0199966430664
1517841000,73.2699966430664
1517927400,74.81999969482422
1518013800,74.98999786376953
1518100200,71.87000274658203
1518186600,73.68000030517578
1518445800,74.76000213623047
1518532200,75.18000030517578
1518618600,76.70999908447266
1518705000,77.08000183105469
1518791400,76.81999969482422
1519137000,76.45999908447266
1519223400,77.0
1519309800,76.2699966430664
1519396200,77.08000183105469
1519655400,77.6500015258789
1519741800,76.37999725341797
1519828200,75.48999786376953
1519914600,73.66000366210938
1520001000,73.68000030517578
1520260200,74.41999816894531
1520346600,74.05999755859375
1520433000,73.91999816894531
1520519400,74.11000061035156
1520605800,76.11000061035156
1520861400,76.0199966430664
1520947800,74.91000366210938
1521034200,73.47000122070312
1521120600,73.33999633789062
1521207000,73.47000122070312
1521466200,72.69999694824219
1521552600,72.91999816894531
1521639000,73.31999969482422
1521725400,70.30999755859375
1521811800,67.9000015258789
1522071000,69.77999877929688
1522157400,68.27999877929688
1522243800,68.26000213623047
1522330200,67.5
1522675800,67.70999908447266
1522762200,68.4800033569336
1522848600,69.30999755859375
1522935000,70.22000122070312
1523021400,68.5999984741211
1523280600,69.44000244140625
1523367000,70.51000213623047
1523453400,69.88999938964844
1523539800,72.12999725341797
1523626200,71.01000213623047
1523885400,70.06999969482422
1523971800,69.73999786376953
1524058200,68.9800033569336
1524144600,70.27999877929688
1524231000,70.0
1524490200,69.4800033569336
1524576600,69.12000274658203
1524663000,69.36000061035156
1524749400,69.18000030517578
1524835800,68.98999786376953
1525095000,68.2699966430664
1525181400,68.25
1525267800,67.98999786376953
1525354200,67.94000244140625
1525440600,67.94000244140625
1525699800,68.5
1525786200,71.0
1525872600,71.94999694824219
1525959000,72.56999969482422
1526045400,72.86000061035156
1526304600,72.62000274658203
1526391000,72.68000030517578
1526477400,71.94999694824219
1526563800,71.55999755859375
1526650200,69.95999908447266
1526909400,70.43000030517578
1526995800,71.08000183105469
1527082200,70.23999786376953
1527168600,69.30999755859375
1527255000,68.44000244140625
1527600600,65.70999908447266
1527687000,66.68000030517578
1527773400,66.69000244140625
1527859800,67.27999877929688
1528119000,67.33999633789062
1528205400,66.76000213623047
1528291800,68.2300033569336
1528378200,68.44999694824219
1528464600,68.47000122070312
1528723800,68.11000061035156
1528810200,67.61000061035156
1528896600,67.29000091552734
1528983000,66.16000366210938
1529069400,66.33999633789062
1529328600,66.75
1529415000,66.77999877929688
1529501400,67.37999725341797
1529587800,67.62999725341797
1529674200,67.19999694824219
1529933400,65.75
1530019800,66.30999755859375
1530106200,65.45999908447266
1530192600,66.87999725341797
1530279000,66.91999816894531
1530538200,67.16000366210938
1530624600,66.05999755859375
1530797400,66.55999755859375
1530883800,67.13999938964844
1531143000,68.94000244140625
1531229400,68.2300033569336
1531315800,67.91000366210938
1531402200,68.51000213623047
1531488600,67.0
1531747800,69.45999908447266
1531834200,69.3499984741211
1531920600,69.8499984741211
1532007000,68.98999786376953
1532093400,69.22000122070312
1532352600,70.20999908447266
1532439000,71.06999969482422
1532525400,71.72000122070312
1532611800,71.33999633789062
1532698200,71.69000244140625
1532957400,72.29000091552734
1533043800,71.88999938964844
1533130200,71.93000030517578
1533216600,71.83999633789062
1533303000,72.38999938964844
1533562200,72.4000015258789
1533648600,72.41000366210938
1533735000,72.88999938964844
1533821400,71.9800033569336
1533907800,70.26000213623047
1534167000,69.16000366210938
1534253400,70.01000213623047
1534339800,68.6500015258789
1534426200,69.55999755859375
1534512600,69.66999816894531
1534771800,70.52999877929688
1534858200,71.23999786376953
1534944600,71.12000274658203
1535031000,70.80999755859375
1535117400,70.66999816894531
1535376600,72.38999938964844
1535463000,72.37999725341797
1535549400,72.52999877929688
1535635800,71.45999908447266
1535722200,71.23999786376953
1536067800,71.4000015258789
1536154200,71.16999816894531
1536240600,70.11000061035156
1536327000,69.63999938964844
1536586200,69.62999725341797
1536672600,69.43000030517578
1536759000,70.51000213623047
1536845400,70.1500015258789
1536931800,70.54000091552734
1537191000,70.87999725341797
1537277400,71.36000061035156
1537363800,73.72000122070312
1537450200,74.79000091552734
1537536600,74.1500015258789
1537795800,73.83999633789062
1537882200,73.51000213623047
1537968600,72.44999694824219
1538055000,72.94999694824219
1538141400,71.73999786376953
1538400600,71.93000030517578
1538487000,71.80000305175781
1538573400,72.36000061035156
1538659800,72.62000274658203
1538746200,72.41999816894531
1539005400,72.58999633789062
1539091800,71.88999938964844
1539178200,69.94999694824219
1539264600,68.37999725341797
1539351000,69.83999633789062
1539610200,69.20999908447266
1539696600,69.70999908447266
1539783000,69.83999633789062
1539869400,68.62000274658203
1539955800,68.86000061035156
1540215000,66.58999633789062
1540301400,65.7300033569336
1540387800,63.79999923706055
1540474200,64.97000122070312
1540560600,64.20999908447266
1540819800,64.3499984741211
1540906200,64.52999877929688
1540992600,65.45999908447266
1541079000,65.83000183105469
1541165400,65.91999816894531
1541428200,67.30000305175781
1541514600,66.68000030517578
1541601000,68.26000213623047
1541687400,67.77999877929688
1541773800,65.76000213623047
1542033000,64.20999908447266
1542119400,64.77999877929688
1542205800,63.5
1542292200,64.5999984741211
1542378600,64.94999694824219
1542637800,64.62000274658203
1542724200,62.529998779296875
1542810600,62.869998931884766
1542983400,61.75
1543242600,63.72999954223633
1543329000,63.459999084472656
1543415400,65.58000183105469
1543501800,64.9000015258789
1543588200,64.79000091552734
1543847400,65.16000366210938
1543933800,62.2599983215332
1544106600,60.060001373291016
1544193000,58.349998474121094
1544452200,57.06999969482422
1544538600,56.220001220703125
1544625000,55.97999954223633
1544711400,55.77000045776367
1544797800,55.02000045776367
1545057000,54.25
1545143400,53.93000030517578
1545229800,52.81999969482422
1545316200,52.27000045776367
1545402600,50.2400016784668
1545661800,49.2599983215332
1545834600,51.439998626708984
1545921000,51.77000045776367
1546007400,51.83000183105469
1546266600,52.060001373291016
1546439400,53.529998779296875
1546525800,52.560001373291016
1546612200,55.130001068115234
1546871400,55.61000061035156
1546957800,55.459999084472656
1547044200,56.380001068115234
1547130600,56.439998626708984
1547217000,56.689998626708984
1547476200,58.93000030517578
1547562600,61.380001068115234
1547649000,62.189998626708984
1547735400,62.470001220703125
1547821800,63.119998931884766
1548167400,61.849998474121094
1548253800,62.130001068115234
1548340200,62.709999084472656
1548426600,64.0199966430664
1548685800,63.849998474121094
1548772200,63.209999084472656
1548858600,64.22000122070312
1548945000,64.45999908447266
1549031400,63.66999816894531
1549290600,64.05999755859375
1549377000,63.810001373291016
1549463400,63.88999938964844
1549549800,62.810001373291016
1549636200,62.0099983215332
1549895400,61.61000061035156
1549981800,62.66999816894531
1550068200,63.040000915527344
1550154600,62.41999816894531
1550241000,64.2699966430664
1550586600,64.37999725341797
1550673000,64.63999938964844
1550759400,64.31999969482422
1550845800,64.13999938964844
1551105000,64.52999877929688
1551191400,64.12000274658203
1551277800,64.4000015258789
1551364200,63.97999954223633
1551450600,64.47000122070312
1551709800,63.75
1551796200,62.93000030517578
1551882600,62.5099983215332
1551969000,61.900001525878906
1552055400,62.060001373291016
1552311000,62.310001373291016
1552397400,62.810001373291016
1552483800,63.650001525878906
1552570200,64.11000061035156
1552656600,65.19000244140625
1552915800,65.93000030517578
1553002200,65.62999725341797
1553088600,64.30000305175781
1553175000,63.90999984741211
1553261400,60.97999954223633
1553520600,60.33000183105469
1553607000,61.220001220703125
1553693400,60.72999954223633
1553779800,61.97999954223633
1553866200,62.220001220703125
1554125400,64.36000061035156
1554211800,64.41999816894531
1554298200,65.05999755859375
1554384600,65.81999969482422
1554471000,65.55000305175781
1554730200,66.06999969482422
1554816600,65.19999694824219
1554903000,65.5199966430664
1554989400,65.91000366210938
1555075800,67.41999816894531
1555335000,67.37999725341797
1555421400,69.30999755859375
1555507800,70.3499984741211
1555594200,69.66999816894531
1555939800,69.08999633789062
1556026200,69.19999694824219
1556112600,68.83000183105469
1556199000,68.7300033569336
1556285400,69.51000213623047
1556544600,71.02999877929688
1556631000,70.69999694824219
1556717400,69.95999908447266
1556803800,70.36000061035156
1556890200,70.66999816894531
1557149400,70.41000366210938
1557235800,68.16000366210938
1557322200,68.22000122070312
1557408600,67.62999725341797
1557495000,67.9000015258789
1557754200,64.37999725341797
1557840600,65.26000213623047
1557927000,64.87000274658203
1558013400,65.9800033569336
1558099800,65.06999969482422
1558359000,64.95999908447266
1558445400,66.08000183105469
1558531800,64.66000366210938
1558618200,63.900001525878906
1558704600,64.38999938964844
1559050200,63.790000915527344
1559136600,63.709999084472656
1559223000,63.61000061035156
1559309400,62.150001525878906
1559568600,62.61000061035156
1559655000,65.87999725341797
1559741400,65.77999877929688
1559827800,66.47000122070312
1559914200,65.69000244140625
1560173400,67.12000274658203
1560259800,67.87999725341797
1560346200,66.80999755859375
1560432600,67.08000183105469
1560519000,67.4800033569336
1560778200,66.54000091552734
1560864600,67.9800033569336
1560951000,67.58999633789062
1561037400,68.0999984741211
1561123800,67.97000122070312
1561383000,67.41000366210938
1561469400,66.54000091552734
1561555800,67.22000122070312
1561642200,68.1500015258789
1561728600,70.02999877929688
1561987800,70.73999786376953
1562074200,70.44000244140625
1562160600,70.8499984741211
1562333400,71.4000015258789
1562592600,71.12999725341797
1562679000,71.55999755859375
1562765400,71.12999725341797
1562851800,71.61000061035156
1562938200,71.7699966430664
1563197400,71.70999908447266
1563283800,71.31999969482422
1563370200,70.81999969482422
1563456600,71.79000091552734
1563543000,70.91999816894531
1563802200,71.11000061035156
1563888600,71.98999786376953
1563975000,73.01000213623047
1564061400,71.38999938964844
1564147800,72.16000366210938
1564407000,71.76000213623047
1564493400,71.70999908447266
1564579800,71.16000366210938
1564666200,68.3499984741211
1564752600,67.61000061035156
1565011800,65.18000030517578
1565098200,66.25
1565184600,65.13999938964844
1565271000,66.73999786376953
1565357400,66.05000305175781
1565616600,64.23999786376953
1565703000,64.83000183105469
1565789400,61.40999984741211
1565875800,61.31999969482422
1565962200,63.47999954223633
1566221400,64.30999755859375
1566307800,63.41999816894531
1566394200,63.25
1566480600,63.90999984741211
1566567000,61.95000076293945
1566826200,62.720001220703125
1566912600,61.65999984741211
1566999000,62.36000061035156
1567085400,63.900001525878906
1567171800,64.3499984741211
1567517400,63.41999816894531
1567603800,64.27999877929688
1567690200,66.33999633789062
1567776600,65.97000122070312
1568035800,68.79000091552734
1568122200,68.9800033569336
1568208600,68.9000015258789
1568295000,69.30000305175781
1568381400,70.38999938964844
1568640600,69.83000183105469
1568727000,69.4800033569336
1568813400,70.08999633789062
1568899800,69.7300033569336
1568986200,69.3499984741211
1569245400,69.55000305175781
1569331800,67.9000015258789
1569418200,69.37999725341797
1569504600,69.11000061035156
1569591000,69.45999908447266
1569850200,69.08000183105469
1569936600,68.1500015258789
1570023000,66.26000213623047
1570109400,66.69999694824219
1570195800,68.18000030517578
1570455000,68.1500015258789
1570541400,66.4000015258789
1570627800,67.43000030517578
1570714200,68.62000274658203
1570800600,70.0999984741211
1571059800,70.23999786376953
1571146200,71.22000122070312
1571232600,69.5
1571319000,69.5999984741211
1571405400,69.73999786376953
1571664600,71.80999755859375
1571751000,72.05999755859375
1571837400,72.44999694824219
1571923800,72.30000305175781
1572010200,73.16999816894531
1572269400,73.58999633789062
1572355800,73.08999633789062
1572442200,72.97000122070312
1572528600,71.86000061035156
1572615000,73.83999633789062
1572877800,75.1500015258789
1572964200,74.83000183105469
1573050600,74.41999816894531
1573137000,75.80999755859375
1573223400,76.12000274658203
1573482600,75.5999984741211
1573569000,75.06999969482422
1573655400,73.91000366210938
1573741800,73.83999633789062
1573828200,74.4000015258789
1574087400,74.4000015258789
1574173800,74.81999969482422
1574260200,73.91000366210938
1574346600,73.9000015258789
1574433000,74.87000274658203
1574692200,75.68000030517578
1574778600,75.45999908447266
1574865000,75.72000122070312
1575037800,75.12000274658203
1575297000,74.5199966430664
1575383400,73.33000183105469
1575469800,74.2300033569336
1575556200,74.70999908447266
1575642600,75.80999755859375
1575901800,75.33000183105469
1575988200,75.77999877929688
1576074600,75.55000305175781
1576161000,77.05000305175781
1576247400,76.38999938964844
1576506600,76.91000366210938
1576593000,77.73999786376953
1576679400,77.91999816894531
1576765800,78.19999694824219
1576852200,78.51000213623047
1577111400,78.76000213623047
1577197800,78.58999633789062
1577370600,79.83000183105469
1577457000,79.66999816894531
1577716200,79.51000213623047
1577802600,79.88999938964844
1577975400,81.2300033569336
1578061800,79.69999694824219
1578321000,79.44999694824219
1578407400,78.76000213623047
1578493800,79.36000061035156
1578580200,80.08000183105469
1578666600,79.25
1578925800,80.6500015258789
1579012200,81.91000366210938
1579098600,81.23999786376953
1579185000,81.0
1579271400,81.12000274658203
1579617000,79.9000015258789
1579703400,80.0999984741211
1579789800,79.80000305175781
1579876200,78.41999816894531
1580135400,76.70999908447266
1580221800,77.23999786376953
1580308200,76.4800033569336
1580394600,77.43000030517578
1580481000,74.41000366210938
1580740200,75.12999725341797
1580826600,76.5
1580913000,78.8499984741211
1580999400,78.97000122070312
1581085800,78.69000244140625
1581345000,78.4800033569336
1581431400,79.08999633789062
1581517800,79.33000183105469
1581604200,79.0
1581690600,78.79000091552734
1582036200,77.58000183105469
1582122600,78.05000305175781
1582209000,78.22000122070312
1582295400,76.44000244140625
1582554600,72.52999877929688
1582641000,69.43000030517578
1582727400,68.18000030517578
1582813800,64.44999694824219
1582900200,63.459999084472656
1583159400,67.58999633789062
1583245800,65.05000305175781
1583332200,67.38999938964844
1583418600,63.4900016784668
1583505000,61.279998779296875
1583760600,51.369998931884766
1583847000,55.58000183105469
1583933400,50.790000915527344
1584019800,43.2599983215332
1584106200,51.040000915527344
1584365400,41.189998626708984
1584451800,40.25
1584538200,36.43000030517578
1584624600,39.63999938964844
1584711000,38.060001373291016
1584970200,35.38999938964844
1585056600,40.65999984741211
1585143000,41.86000061035156
1585229400,46.02000045776367
1585315800,43.79999923706055
1585575000,44.08000183105469
1585661400,42.119998931884766
1585747800,38.5099983215332
1585834200,39.22999954223633
1585920600,37.4900016784668
1586179800,41.119998931884766
1586266200,41.25
1586352600,44.2599983215332
1586439000,47.40999984741211
1586784600,46.68000030517578
1586871000,45.41999816894531
1586957400,42.86000061035156
1587043800,40.52000045776367
1587130200,45.45000076293945
1587389400,44.0099983215332
1587475800,41.56999969482422
1587562200,42.2400016784668
1587648600,42.459999084472656
1587735000,43.099998474121094
1587994200,46.560001373291016
1588080600,47.209999084472656
1588167000,50.2599983215332
1588253400,48.560001373291016
1588339800,45.52000045776367
1588599000,45.119998931884766
1588685400,43.95000076293945
1588771800,42.95000076293945
1588858200,44.63999938964844
1588944600,46.31999969482422
1589203800,44.06999969482422
1589290200,42.349998474121094
1589376600,40.599998474121094
1589463000,42.060001373291016
1589549400,41.91999816894531
1589808600,45.66999816894531
1589895000,44.43000030517578
1589981400,45.470001220703125
1590067800,45.0
1590154200,44.099998474121094
1590499800,48.16999816894531
1590586200,52.2599983215332
1590672600,49.15999984741211
1590759000,47.90999984741211
1591018200,49.45000076293945
1591104600,50.84000015258789
1591191000,53.34000015258789
1591277400,55.650001525878906
1591363800,58.86000061035156
1591623000,61.2400016784668
1591709400,59.5
1591795800,55.86000061035156
1591882200,48.38999938964844
1591968600,52.25
1592227800,52.97999954223633
1592314200,54.45000076293945
1592400600,53.0
1592487000,53.040000915527344
1592573400,52.91999816894531
1592832600,52.060001373291016
1592919000,52.95000076293945
1593005400,50.810001373291016
1593091800,52.68000030517578
1593178200,49.58000183105469
1593437400,50.290000915527344
1593523800,51.099998474121094
1593610200,50.349998474121094
1593696600,50.54999923706055
1594042200,51.970001220703125
1594128600,50.31999969482422
1594215000,50.880001068115234
1594301400,49.45000076293945
1594387800,52.650001525878906
1594647000,52.20000076293945
1594733400,50.150001525878906
1594819800,51.84000015258789
1594906200,51.459999084472656
1594992600,50.220001220703125
1595251800,50.13999938964844
1595338200,51.72999954223633
1595424600,51.65999984741211
1595511000,52.08000183105469
1595597400,51.66999816894531
1595856600,51.290000915527344
1595943000,51.27000045776367
1596029400,52.52000045776367
1596115800,50.869998931884766
1596202200,50.0099983215332
1596461400,50.38999938964844
1596547800,50.13999938964844
1596634200,51.040000915527344
1596720600,50.88999938964844
1596807000,52.119998931884766
1597066200,52.86000061035156
1597152600,53.7599983215332
1597239000,53.349998474121094
1597325400,52.88999938964844
1597411800,52.93000030517578
1597671000,51.41999816894531
1597757400,50.34000015258789
1597843800,50.290000915527344
1597930200,49.58000183105469
1598016600,49.29999923706055
1598275800,51.060001373291016
1598362200,51.650001525878906
1598448600,50.849998474121094
1598535000,51.720001220703125
1598621400,52.279998779296875
1598880600,51.119998931884766
1598967000,51.20000076293945
1599053400,51.95000076293945
1599139800,51.5
1599226200,52.52000045776367
1599571800,51.040000915527344
1599658200,51.400001525878906
1599744600,50.95000076293945
1599831000,51.0
1600090200,48.150001525878906
1600176600,44.810001373291016
1600263000,46.02000045776367
1600349400,45.529998779296875
1600435800,44.86000061035156
1600695000,43.93000030517578
1600781400,43.290000915527344
1600867800,41.849998474121094
1600954200,42.189998626708984
1601040600,42.02000045776367
1601299800,43.34000015258789
1601386200,42.41999816894531
1601472600,43.11000061035156
1601559000,43.439998626708984
1601645400,43.65999984741211
1601904600,44.90999984741211
1601991000,44.40999984741211
1602077400,44.84000015258789
1602163800,44.720001220703125
1602250200,44.93000030517578
1602509400,45.880001068115234
1602595800,43.68000030517578
1602682200,43.029998779296875
1602768600,43.61000061035156
1602855000,43.189998626708984
1603114200,42.900001525878906
1603200600,43.52000045776367
1603287000,43.0099983215332
1603373400,43.95000076293945
1603459800,43.95000076293945
1603719000,43.2599983215332
1603805400,41.880001068115234
1603891800,41.130001068115234
1603978200,41.65999984741211
1604064600,41.41999816894531
1604327400,42.209999084472656
1604413800,43.529998779296875
1604500200,42.08000183105469
1604586600,43.06999969482422
1604673000,42.709999084472656
1604932200,47.63999938964844
1605018600,47.650001525878906
1605105000,48.93000030517578
1605191400,48.279998779296875
1605277800,48.65999984741211
1605537000,50.400001525878906
1605623400,50.72999954223633
1605709800,51.04999923706055
1605796200,52.13999938964844
1605882600,51.650001525878906
1606141800,53.29999923706055
1606228200,57.060001373291016
1606314600,57.060001373291016
1606487400,56.66999816894531
1606746600,55.06999969482422
1606833000,55.470001220703125
1606919400,57.20000076293945
1607005800,56.58000183105469
1607092200,58.619998931884766
1607351400,58.130001068115234
1607437800,58.36000061035156
1607524200,58.95000076293945
1607610600,60.5
1607697000,58.93000030517578
1607956200,58.7400016784668
1608042600,59.66999816894531
1608129000,59.75
1608215400,60.04999923706055
1608301800,59.060001373291016
1608561000,61.22999954223633
1608647400,59.2599983215332
1608733800,60.779998779296875
1608820200,60.56999969482422
1609165800,61.130001068115234
1609252200,60.90999984741211
1609338600,60.86000061035156
1609425000,61.65999984741211
1609770600,60.13999938964844
1609857000,61.70000076293945
1609943400,65.25
1610029800,66.0199966430664
1610116200,65.37000274658203
1610375400,66.44000244140625
1610461800,66.66999816894531
1610548200,66.86000061035156
1610634600,69.01000213623047
1610721000,64.2300033569336
1611066600,63.689998626708984
1611153000,63.25
1611239400,61.869998931884766
1611325800,61.33000183105469
1611585000,60.560001373291016
1611671400,60.90999984741211
1611757800,59.400001525878906
1611844200,60.34000015258789
1611930600,57.9900016784668
1612189800,58.43000030517578
1612276200,59.58000183105469
1612362600,61.099998474121094
1612449000,62.40999984741211
1612535400,62.58000183105469
1612794600,63.650001525878906
1612881000,63.119998931884766
1612967400,63.619998931884766
1613053800,63.20000076293945
1613140200,63.630001068115234
1613485800,64.12000274658203
1613572200,64.76000213623047
1613658600,63.47999954223633
1613745000,65.77999877929688
1614004200,65.5199966430664
1614090600,66.73999786376953
1614177000,68.5999984741211
1614263400,67.41000366210938
1614349800,65.87999725341797
1614609000,69.54000091552734
1614695400,68.91000366210938
1614781800,70.37999725341797
1614868200,69.80999755859375
1614954600,70.2300033569336
1615213800,72.22000122070312
1615300200,70.98999786376953
1615386600,73.75
1615473000,73.30999755859375
1615559400,75.18000030517578
1615815000,74.22000122070312
1615901400,73.33000183105469
1615987800,73.5999984741211
1616074200,73.83999633789062
1616160600,73.01000213623047
1616419800,71.95999908447266
1616506200,70.91000366210938
1616592600,70.08000183105469
1616679000,71.72000122070312
1616765400,73.0199966430664
1617024600,71.58000183105469
1617111000,72.95999908447266
1617197400,72.75
1617283800,73.13999938964844
1617629400,72.75
1617715800,72.5999984741211
1617802200,72.69000244140625
1617888600,72.33000183105469
1617975000,72.41999816894531
1618234200,72.69000244140625
1618320600,72.05999755859375
1618407000,72.91000366210938
1618493400,72.54000091552734
1618579800,72.44999694824219
1618839000,72.12999725341797
1618925400,69.79000091552734
1619011800,70.6500015258789
1619098200,69.80999755859375
1619184600,71.37999725341797
1619443800,72.19999694824219
1619530200,72.98999786376953
1619616600,72.91000366210938
1619703000,73.83999633789062
1619789400,71.23999786376953
1620048600,71.70999908447266
1620135000,72.33000183105469
1620221400,73.70999908447266
1620307800,74.77999877929688
1620394200,75.08000183105469
1620653400,75.12999725341797
1620739800,74.87000274658203
1620826200,74.2300033569336
1620912600,75.29000091552734
1620999000,76.55999755859375
1621258200,77.41999816894531
1621344600,76.62000274658203
1621431000,76.45999908447266
1621517400,76.19999694824219
1621603800,77.6500015258789
1621863000,78.02999877929688
1621949400,77.27999877929688
1622035800,77.5199966430664
1622122200,78.76000213623047
1622208600,78.70999908447266
1622554200,79.76000213623047
1622640600,79.86000061035156
1622727000,79.62999725341797
1622813400,79.48999786376953
1623072600,79.30999755859375
1623159000,79.08000183105469
1623245400,78.13999938964844
1623331800,76.88999938964844
1623418200,76.4800033569336
1623677400,75.16000366210938
1623763800,73.81999969482422
1623850200,71.45999908447266
1623936600,68.86000061035156
1624023000,67.61000061035156
1624282200,68.44999694824219
1624368600,68.95999908447266
1624455000,69.6500015258789
1624541400,71.31999969482422
1624627800,71.55000305175781
1624887000,71.51000213623047
1624973400,69.68000030517578
1625059800,70.75
1625146200,71.01000213623047
1625232600,70.41000366210938
1625578200,68.20999908447266
1625664600,67.93000030517578
1625751000,66.7300033569336
1625837400,68.44999694824219
1626096600,69.44000244140625
1626183000,68.37000274658203
1626269400,68.16999816894531
1626355800,68.44999694824219
1626442200,66.9000015258789
1626701400,65.08000183105469
1626787800,66.29000091552734
1626874200,67.88999938964844
1626960600,66.93000030517578
1627047000,66.70999908447266
1627306200,67.7699966430664
1627392600,67.9800033569336
1627479000,68.0999984741211
1627565400,68.80999755859375
1627651800,67.62000274658203
1627911000,67.7300033569336
1627997400,68.87999725341797
1628083800,68.5199966430664
1628170200,69.69000244140625
1628256600,71.06999969482422
1628515800,71.5199966430664
1628602200,72.9800033569336
1628688600,74.30000305175781
1628775000,74.12999725341797
1628861400,73.11000061035156
1629120600,72.0999984741211
1629207000,71.62000274658203
1629293400,71.12000274658203
1629379800,69.83999633789062
1629466200,70.25
1629725400,70.88999938964844
1629811800,72.04000091552734
1629898200,73.18000030517578
1629984600,72.44000244140625
1630071000,72.98999786376953
1630330200,71.66999816894531
1630416600,71.91000366210938
1630503000,71.30999755859375
1630589400,71.5
1630675800,71.16999816894531
1631021400,70.81999969482422
1631107800,70.04000091552734
1631194200,70.45999908447266
1631280600,69.56999969482422
1631539800,70.5199966430664
1631626200,68.77999877929688
1631712600,70.44999694824219
1631799000,70.0
1631885400,69.95999908447266
1632144600,67.30000305175781
1632231000,66.94000244140625
1632317400,68.23999786376953
1632403800,70.87999725341797
1632490200,71.18000030517578
1632749400,72.26000213623047
1632835800,71.37000274658203
1632922200,71.52999877929688
1633008600,70.18000030517578
1633095000,71.18000030517578
1633354200,71.29000091552734
1633440600,72.52999877929688
1633527000,72.41999816894531
1633613400,72.19000244140625
1633699800,72.3499984741211
1633959000,71.68000030517578
1634045400,70.63999938964844
1634131800,70.26000213623047
1634218200,70.80000305175781
1634304600,72.29000091552734
1634563800,71.61000061035156
1634650200,71.76000213623047
1634736600,71.81999969482422
1634823000,70.51000213623047
1634909400,71.37000274658203
1635168600,70.83000183105469
1635255000,70.6500015258789
1635341400,70.30999755859375
1635427800,70.87999725341797
1635514200,69.16000366210938
1635773400,69.61000061035156
1635859800,68.5999984741211
1635946200,69.0
1636032600,67.0
1636119000,66.98999786376953
1636381800,68.44999694824219
1636468200,67.98999786376953
1636554600,68.20999908447266
1636641000,68.87000274658203
1636727400,69.16000366210938
1636986600,68.73999786376953
1637073000,67.73999786376953
1637159400,66.8499984741211
1637245800,67.11000061035156
1637332200,66.33999633789062
1637591400,67.04000091552734
1637677800,68.06999969482422
1637764200,67.27999877929688
1637937000,65.5
1638196200,65.04000091552734
1638282600,63.70000076293945
1638369000,62.52000045776367
1638455400,63.810001373291016
1638541800,62.7599983215332
1638801000,62.52000045776367
1638887400,62.900001525878906
1638973800,62.459999084472656
1639060200,62.13999938964844
1639146600,60.709999084472656
1639405800,60.18000030517578
1639492200,60.63999938964844
1639578600,60.2400016784668
1639665000,61.06999969482422
1639751400,59.540000915527344
1640010600,58.279998779296875
1640097000,59.380001068115234
1640183400,59.599998474121094
1640269800,60.209999084472656
1640615400,60.650001525878906
1640701800,60.619998931884766
1640788200,60.540000915527344
1640874600,60.43000030517578
1640961000,60.38999938964844
1641220200,63.099998474121094
1641306600,63.59000015258789
1641393000,62.849998474121094
1641479400,64.91000366210938
1641565800,65.77999877929688
1641825000,66.02999877929688
1641911400,67.11000061035156
1641997800,67.27999877929688
1642084200,67.77999877929688
1642170600,66.93000030517578
1642516200,65.30000305175781
1642602600,64.23999786376953
1642689000,64.45999908447266
1642775400,63.27000045776367
1643034600,62.70000076293945
1643121000,64.11000061035156
1643207400,64.75
1643293800,64.1500015258789
1643380200,64.69000244140625
1643639400,65.12000274658203
1643725800,66.55999755859375
1643812200,66.2300033569336
1643898600,65.26000213623047
1643985000,66.08000183105469
1644244200,66.36000061035156
1644330600,67.12000274658203
1644417000,67.83999633789062
1644503400,67.5
1644589800,67.1500015258789
1644849000,66.45999908447266
1644935400,67.0
1645021800,66.94999694824219
1645108200,64.70999908447266
1645194600,64.13999938964844
1645540200,63.88999938964844
1645626600,63.220001220703125
1645713000,60.66999816894531
1645799400,61.97999954223633
1646058600,59.22999954223633
1646145000,58.59000015258789
1646231400,59.560001373291016
1646317800,57.619998931884766
1646404200,56.59000015258789
1646663400,55.54999923706055
1646749800,54.869998931884766
1646836200,55.95000076293945
1646922600,54.880001068115234
1647009000,54.15999984741211
1647264600,54.22999954223633
1647351000,55.11000061035156
1647437400,56.79999923706055
1647523800,57.290000915527344
1647610200,57.349998474121094
1647869400,56.97999954223633
1647955800,57.5
1648042200,56.349998474121094
1648128600,56.41999816894531
1648215000,56.7400016784668
1648474200,55.91999816894531
1648560600,56.470001220703125
1648647000,54.970001220703125
1648733400,53.400001525878906
1648819800,52.33000183105469
1649079000,52.79999923706055
1649165400,51.58000183105469
1649251800,50.529998779296875
1649338200,50.029998779296875
1649424600,50.880001068115234
1649683800,50.54999923706055
1649770200,50.34000015258789
1649856600,50.150001525878906
1649943000,50.93000030517578
1650288600,52.310001373291016
1650375000,52.91999816894531
1650461400,53.099998474121094
1650547800,52.630001068115234
1650634200,51.22999954223633
1650893400,51.130001068115234
1650979800,50.22999954223633
1651066200,49.599998474121094
1651152600,50.02000045776367
1651239000,48.209999084472656
1651498200,48.709999084472656
1651584600,50.099998474121094
1651671000,52.22999954223633
1651757400,51.310001373291016
1651843800,51.619998931884766
1652103000,49.88999938964844
1652189400,48.75
1652275800,47.65999984741211
1652362200,46.560001373291016
1652448600,47.63999938964844
1652707800,47.459999084472656
1652794200,51.04999923706055
1652880600,49.31999969482422
1652967000,49.779998779296875
1653053400,49.75
1653312600,52.77000045776367
1653399000,52.68000030517578
1653485400,52.70000076293945
1653571800,54.09000015258789
1653658200,53.619998931884766
1654003800,53.40999984741211
1654090200,52.38999938964844
1654176600,52.43000030517578
1654263000,51.33000183105469
1654522200,51.400001525878906
1654608600,52.099998474121094
1654695000,51.40999984741211
1654781400,49.970001220703125
1654867800,47.709999084472656
1655127000,45.689998626708984
1655213400,45.959999084472656
1655299800,47.58000183105469
1655386200,46.88999938964844
1655472600,46.52000045776367
1655818200,47.959999084472656
1655904600,47.20000076293945
1655991000,46.349998474121094
1656077400,47.86000061035156
1656336600,47.83000183105469
1656423000,47.209999084472656
1656509400,47.099998474121094
1656595800,45.9900016784668
1656682200,46.869998931884766
1657027800,46.61000061035156
1657114200,46.150001525878906
1657200600,46.93000030517578
1657287000,46.81999969482422
1657546200,46.189998626708984
1657632600,46.130001068115234
1657719000,45.5
1657805400,44.13999938964844
1657891800,49.97999954223633
1658151000,50.06999969482422
1658237400,52.130001068115234
1658323800,52.45000076293945
1658410200,52.59000015258789
1658496600,51.90999984741211
1658755800,52.15999984741211
1658842200,51.400001525878906
1658928600,52.349998474121094
1659015000,52.22999954223633
1659101400,51.900001525878906
1659360600,51.91999816894531
1659447000,50.75
1659533400,51.61000061035156
1659619800,51.2599983215332
1659706200,51.65999984741211
1659965400,51.470001220703125
1660051800,52.09000015258789
1660138200,53.189998626708984
1660224600,54.0
1660311000,54.380001068115234
1660570200,54.06999969482422
1660656600,54.18000030517578
1660743000,53.7599983215332
1660829400,53.54999923706055
1660915800,52.61000061035156
1661175000,51.25
1661261400,50.95000076293945
1661347800,51.0099983215332
1661434200,52.060001373291016
1661520600,49.779998779296875
1661779800,49.369998931884766
1661866200,49.08000183105469
1661952600,48.810001373291016
1662039000,48.75
1662125400,48.84000015258789
1662471000,48.220001220703125
1662557400,48.630001068115234
1662643800,49.900001525878906
1662730200,50.66999816894531
1662989400,50.869998931884766
1663075800,49.0
1663162200,48.43000030517578
1663248600,48.439998626708984
1663335000,48.11000061035156
1663594200,48.2400016784668
1663680600,47.25
1663767000,46.33000183105469
1663853400,45.58000183105469
1663939800,44.2599983215332
1664199000,42.9900016784668
1664285400,42.59000015258789
1664371800,43.400001525878906
1664458200,42.38999938964844
1664544600,41.66999816894531
1664803800,42.560001373291016
1664890200,44.40999984741211
1664976600,43.84000015258789
1665063000,43.060001373291016
1665149400,42.189998626708984
1665408600,41.599998474121094
1665495000,40.45000076293945
1665581400,40.84000015258789
1665667800,42.95000076293945
1665754200,43.22999954223633
1666013400,43.59000015258789
1666099800,44.150001525878906
1666186200,43.34000015258789
1666272600,42.91999816894531
1666359000,44.2599983215332
1666618200,44.40999984741211
1666704600,45.31999969482422
1666791000,45.40999984741211
1666877400,45.439998626708984
1666963800,46.130001068115234
1667223000,45.86000061035156
1667309400,46.220001220703125
1667395800,45.54999923706055
1667482200,44.58000183105469
1667568600,45.130001068115234
1667831400,45.72999954223633
1667917800,46.119998931884766
1668004200,45.36000061035156
1668090600,48.41999816894531
1668177000,50.189998626708984
1668436200,49.02000045776367
1668522600,49.029998779296875
1668609000,48.369998931884766
1668695400,48.25
1668781800,48.65999984741211
1669041000,48.880001068115234
1669127400,49.33000183105469
1669213800,48.2400016784668
1669386600,48.290000915527344
1669645800,47.22999954223633
1669732200,47.56999969482422
1669818600,48.40999984741211
1669905000,47.779998779296875
1669991400,47.2400016784668
1670250600,45.63999938964844
1670337000,44.97999954223633
1670423400,44.66999816894531
1670509800,44.689998626708984
1670596200,44.86000061035156
1670855400,45.77000045776367
1670941800,46.59000015258789
1671028200,45.97999954223633
1671114600,44.619998931884766
1671201000,44.349998474121094
1671460200,43.93000030517578
1671546600,43.810001373291016
1671633000,44.810001373291016
1671719400,43.9900016784668
1671805800,44.2599983215332
1672151400,44.38999938964844
1672237800,44.619998931884766
1672324200,45.15999984741211
1672410600,45.22999954223633
1672756200,45.779998779296875
1672842600,46.959999084472656
1672929000,46.75
1673015400,47.310001373291016
1673274600,47.540000915527344
1673361000,48.189998626708984
1673447400,48.709999084472656
1673533800,49.09000015258789
1673620200,49.91999816894531
1673965800,50.310001373291016
1674052200,49.43000030517578
1674138600,49.369998931884766
1674225000,51.09000015258789
1674484200,51.97999954223633
1674570600,51.41999816894531
1674657000,51.900001525878906
1674743400,52.189998626708984
1674829800,51.86000061035156
1675089000,51.75
1675175400,52.220001220703125
1675261800,52.150001525878906
1675348200,52.220001220703125
1675434600,50.95000076293945
1675693800,50.86000061035156
1675780200,51.130001068115234
1675866600,51.150001525878906
1675953000,49.97999954223633
1676039400,50.11000061035156
1676298600,51.0
1676385000,51.61000061035156
1676471400,51.81999969482422
1676557800,51.459999084472656
1676644200,51.41999816894531
1676989800,49.84000015258789
1677076200,50.040000915527344
1677162600,50.380001068115234
1677249000,50.18000030517578
1677508200,50.470001220703125
1677594600,50.689998626708984
1677681000,51.5
1677767400,51.400001525878906
1677853800,52.349998474121094
1678113000,52.18000030517578
1678199400,51.08000183105469
1678285800,50.68000030517578
1678372200,48.599998474121094
1678458600,48.34000015258789
1678714200,44.7400016784668
1678800600,47.400001525878906
1678887000,44.81999969482422
1678973400,45.619998931884766
1679059800,44.25
1679319000,44.09000015258789
1679405400,45.06999969482422
1679491800,43.709999084472656
1679578200,43.45000076293945
1679664600,43.11000061035156
1679923800,44.779998779296875
1680010200,45.220001220703125
1680096600,45.95000076293945
1680183000,46.06999969482422
1680269400,46.88999938964844
1680528600,46.709999084472656
1680615000,46.09000015258789
1680701400,45.77000045776367
1680787800,45.86000061035156
1681133400,46.52000045776367
1681219800,47.20000076293945
1681306200,46.91999816894531
1681392600,47.29999923706055
1681479000,49.560001373291016
1681738200,49.689998626708984
1681824600,50.08000183105469
1681911000,50.400001525878906
1681997400,49.400001525878906
1682083800,49.029998779296875
1682343000,49.029998779296875
1682429400,47.900001525878906
1682515800,46.86000061035156
1682602200,47.029998779296875
1682688600,47.06999969482422
1682947800,47.25
1683034200,46.0
1683120600,45.66999816894531
1683207000,44.900001525878906
1683293400,46.31999969482422
1683552600,46.36000061035156
1683639000,46.52000045776367
1683725400,46.369998931884766
1683811800,46.029998779296875
1683898200,45.45000076293945
1684157400,46.04999923706055
1684243800,45.279998779296875
1684330200,47.08000183105469
1684416600,46.38999938964844
1684503000,45.709999084472656
1684762200,45.790000915527344
1684848600,45.90999984741211
1684935000,44.4900016784668
1685021400,44.22999954223633
1685107800,44.599998474121094
1685453400,44.70000076293945
1685539800,44.31999969482422
1685626200,44.84000015258789
1685712600,46.31999969482422
1685971800,46.2400016784668
1686058200,47.220001220703125
1686144600,48.0099983215332
1686231000,48.099998474121094
1686317400,48.29999923706055
1686576600,48.45000076293945
1686663000,48.689998626708984
1686749400,48.2400016784668
1686835800,48.560001373291016
1686922200,48.189998626708984
1687267800,47.61000061035156
1687354200,47.40999984741211
1687440600,46.630001068115234
1687527000,46.02000045776367
1687786200,46.2400016784668
1687872600,46.400001525878906
1687959000,46.22999954223633
1688045400,46.290000915527344
1688131800,46.040000915527344
1688391000,46.7400016784668
1688563800,46.79999923706055
1688650200,45.380001068115234
1688736600,45.7400016784668
1688995800,45.66999816894531
1689082200,46.529998779296875
1689168600,47.380001068115234
1689255000,47.68000030517578
1689341400,45.75
1689600600,46.2599983215332
1689687000,47.02000045776367
1689773400,47.52000045776367
1689859800,47.40999984741211
1689946200,47.04999923706055
1690205400,47.65999984741211
1690291800,47.09000015258789
1690378200,47.4900016784668
1690464600,47.880001068115234
1690551000,47.40999984741211
1690810200,47.65999984741211
1690896600,47.06999969482422
1690983000,46.310001373291016
1691069400,46.209999084472656
1691155800,45.709999084472656
1691415000,45.83000183105469
1691501400,45.15999984741211
1691587800,44.439998626708984
1691674200,44.34000015258789
1691760600,44.56999969482422
1692019800,44.099998474121094
1692106200,43.209999084472656
1692192600,42.63999938964844
1692279000,42.459999084472656
1692365400,42.25
1692624600,42.06999969482422
1692711000,41.02000045776367
1692797400,41.08000183105469
1692883800,41.08000183105469
1692970200,41.2400016784668
1693229400,41.31999969482422
1693315800,41.720001220703125
1693402200,41.369998931884766
1693488600,41.290000915527344
1693575000,41.59000015258789
1693920600,41.36000061035156
1694007000,41.369998931884766
1694093400,40.72999954223633
1694179800,40.59000015258789
1694439000,40.59000015258789
1694525400,41.68000030517578
1694611800,42.369998931884766
1694698200,43.13999938964844
1694784600,42.709999084472656
1695043800,42.63999938964844
1695130200,42.68000030517578
1695216600,42.29999923706055
1695303000,41.709999084472656
1695389400,40.91999816894531
1695648600,41.02000045776367
1695735000,40.220001220703125
1695821400,40.459999084472656
1695907800,41.20000076293945
1695994200,41.130001068115234
1696253400,40.5
1696339800,39.86000061035156
1696426200,39.810001373291016
1696512600,39.880001068115234
1696599000,40.56999969482422
1696858200,40.7400016784668
1696944600,41.439998626708984
1697031000,41.529998779296875
1697117400,41.529998779296875
1697203800,41.43000030517578
1697463000,40.95000076293945
1697549400,41.20000076293945
1697635800,40.470001220703125
1697722200,40.060001373291016
1697808600,39.68000030517578
1698067800,38.88999938964844
1698154200,38.93000030517578
1698240600,38.61000061035156
1698327000,39.34000015258789
1698413400,38.2400016784668
1698672600,38.93000030517578
1698759000,39.4900016784668
1698845400,39.599998474121094
1698931800,41.349998474121094
1699018200,42.2599983215332
1699281000,42.040000915527344
1699367400,41.959999084472656
1699453800,41.81999969482422
1699540200,41.5
1699626600,42.08000183105469
1699885800,42.70000076293945
1699972200,44.36000061035156
1700058600,44.880001068115234
1700145000,44.66999816894531
1700231400,45.36000061035156
1700490600,45.2599983215332
1700577000,45.09000015258789
1700663400,45.02000045776367
1700836200,45.22999954223633
1701095400,45.08000183105469
1701181800,44.86000061035156
1701268200,45.75
1701354600,46.099998474121094
1701441000,47.22999954223633
1701700200,47.369998931884766
1701786600,46.70000076293945
1701873000,47.86000061035156
1701959400,48.5
1702045800,48.88999938964844
1702305000,48.150001525878906
1702391400,48.060001373291016
1702477800,49.34000015258789
1702564200,50.2400016784668
1702650600,49.83000183105469
1702909800,49.65999984741211
1702996200,50.93000030517578
1703082600,50.06999969482422
1703169000,50.599998474121094
1703255400,50.86000061035156
1703601000,51.34000015258789
1703687400,51.459999084472656
1703773800,51.52000045776367
1703860200,51.439998626708984
1704205800,53.040000915527344
1704292200,53.63999938964844
1704378600,53.77000045776367
1704465000,54.33000183105469
1704724200,54.0099983215332
1704810600,53.47999954223633
1704897000,53.02000045776367
1704983400,52.08000183105469
1705069800,52.619998931884766
1705415400,51.869998931884766
1705501800,51.36000061035156
1705588200,51.11000061035156
1705674600,51.52000045776367
1705933800,52.84000015258789
1706020200,53.29999923706055
1706106600,53.2599983215332
1706193000,53.72999954223633
1706279400,53.66999816894531
1706538600,54.11000061035156
1706625000,57.09000015258789
1706711400,56.16999816894531
1706797800,56.060001373291016
1706884200,55.540000915527344
1707143400,54.5
1707229800,54.349998474121094
1707316200,54.540000915527344
1707402600,54.290000915527344
1707489000,53.9900016784668
1707748200,53.91999816894531
1707834600,52.7599983215332
1707921000,53.97999954223633
1708007400,55.209999084472656
1708093800,54.849998474121094
1708439400,55.41999816894531
1708525800,55.33000183105469
1708612200,55.900001525878906
1708698600,55.93000030517578
1708957800,55.36000061035156
1709044200,55.709999084472656
1709130600,55.04999923706055
1709217000,55.4900016784668
1709303400,55.599998474121094
1709562600,56.13999938964844
1709649000,56.2599983215332
1709735400,57.290000915527344
1709821800,57.720001220703125
1709908200,57.5099983215332
1710163800,57.40999984741211
1710250200,57.45000076293945
1710336600,57.7599983215332
1710423000,57.09000015258789
1710509400,57.61000061035156
1710768600,58.630001068115234
1710855000,58.86000061035156
1710941400,60.130001068115234
1711027800,61.33000183105469
1711114200,60.81999969482422
1711373400,60.95000076293945
1711459800,61.65999984741211
1711546200,62.75
1711632600,63.2400016784668
1711978200,63.459999084472656
1712064600,62.84000015258789
1712151000,61.689998626708984
1712237400,60.90999984741211
1712323800,61.599998474121094
1712583000,61.72999954223633
1712669400,61.65999984741211
1712755800,60.18000030517578
1712842200,60.709999084472656
1712928600,59.68000030517578
1713187800,58.560001373291016
1713274200,57.02000045776367
1713360600,58.16999816894531
1713447000,58.31999969482422
1713533400,59.13999938964844
1713792600,60.95000076293945
1713879000,62.66999816894531
1713965400,62.470001220703125
1714051800,61.790000915527344
1714138200,62.65999984741211
1714397400,62.2599983215332
1714483800,61.33000183105469
1714570200,61.349998474121094
1714656600,61.540000915527344
1714743000,61.52000045776367
1715002200,62.810001373291016
1715088600,62.0
1715175000,62.75
1715261400,63.31999969482422
1715347800,63.529998779296875
1715607000,63.400001525878906
1715693400,63.59000015258789
1715779800,64.23999786376953
1715866200,64.13999938964844
1715952600,64.06999969482422
1716211800,63.15999984741211
1716298200,64.73999786376953
1716384600,63.81999969482422
1716471000,63.02000045776367
1716557400,63.58000183105469
1716903000,62.45000076293945
1716989400,62.0099983215332
1717075800,61.93000030517578
1717162200,62.310001373291016
1717421400,61.91999816894531
1717507800,61.029998779296875
1717594200,61.77000045776367
1717680600,61.939998626708984
1717767000,61.779998779296875
1718026200,61.43000030517578
1718112600,59.13999938964844
1718199000,60.0099983215332
1718285400,60.22999954223633
1718371800,59.33000183105469
1718631000,60.060001373291016
1718717400,60.779998779296875
1718890200,60.619998931884766
1718976600,59.9900016784668
1719235800,61.34000015258789
1719322200,61.58000183105469
1719408600,61.25
1719495000,61.54999923706055
1719581400,63.459999084472656
1719840600,63.43000030517578
1719927000,64.68000030517578
1720013400,64.45999908447266
1720186200,64.02999877929688
1720445400,64.73999786376953
1720531800,66.55000305175781
1720618200,66.9800033569336
1720704600,65.70999908447266
1720791000,64.5199966430664
1721050200,65.13999938964844
1721136600,67.2699966430664
1721223000,67.61000061035156
1721309400,64.88999938964844
1721395800,65.13999938964844
1721655000,64.5
1721741400,64.66000366210938
1721827800,63.65999984741211
1721914200,64.37000274658203
1722000600,65.18000030517578
1722259800,64.30000305175781
1722346200,65.87000274658203
1722432600,64.87999725341797
1722519000,63.279998779296875
1722605400,58.7599983215332
1722864600,56.209999084472656
1722951000,56.560001373291016
1723037400,56.11000061035156
1723123800,58.0
1723210200,57.84000015258789
1723469400,57.84000015258789
1723555800,58.150001525878906
1723642200,59.279998779296875
1723728600,60.52000045776367
1723815000,61.400001525878906
1724074200,62.029998779296875
1724160600,61.310001373291016
1724247000,60.529998779296875
1724333400,60.41999816894531
1724419800,62.13999938964844
1724679000,61.790000915527344
1724765400,61.68000030517578
1724851800,61.58000183105469
1724938200,61.880001068115234
1725024600,62.63999938964844
1725370200,61.459999084472656
1725456600,60.959999084472656
1725543000,60.630001068115234
1725629400,59.09000015258789
1725888600,59.540000915527344
1725975000,57.95000076293945
1726061400,57.29999923706055
1726147800,57.33000183105469
1726234200,57.66999816894531
1726493400,58.38999938964844
1726579800,59.290000915527344
1726666200,59.900001525878906
1726752600,63.02000045776367
1726839000,62.13999938964844
1727098200,62.58000183105469
1727184600,61.369998931884766
1727271000,60.380001068115234
1727357400,61.709999084472656
1727443800,61.869998931884766
1727703000,62.599998474121094
1727789400,61.810001373291016
1727875800,62.029998779296875
1727962200,61.310001373291016
1728048600,62.63999938964844
1728307800,62.599998474121094
1728394200,63.2400016784668
1728480600,64.12000274658203
1728567000,63.47999954223633
1728653400,65.73999786376953
1728912600,66.01000213623047
1728999000,62.63999938964844
1729085400,64.25
1729171800,63.970001220703125
1729258200,62.849998474121094
1729517400,61.83000183105469
1729603800,63.560001373291016
1729690200,63.099998474121094
1729776600,63.0
1729863000,61.7599983215332
1730122200,64.16000366210938
1730208600,64.69000244140625
1730295000,64.5
1730381400,64.16999816894531
1730467800,63.709999084472656
1730730600,62.349998474121094
1730817000,63.66999816894531
1730903400,69.02999877929688
1730989800,68.11000061035156
1731076200,68.62999725341797
1731335400,69.80000305175781
1731421800,69.0199966430664
1731508200,68.88999938964844
1731594600,68.1500015258789
1731681000,68.76000213623047
1731940200,69.0
1732026600,68.5999984741211
1732113000,68.27999877929688
1732199400,68.94999694824219
1732285800,69.83999633789062
1732545000,70.75
1732631400,69.75
1732717800,70.16000366210938
1732890600,70.87000274658203
1733149800,71.38999938964844
1733236200,71.41999816894531
1733322600,71.5
1733409000,72.2300033569336
1733495400,72.1500015258789
1733754600,71.86000061035156
1733841000,72.5
1733927400,71.95999908447266
1734013800,71.43000030517578
1734100200,71.01000213623047
1734359400,71.48999786376953
1734445800,71.12000274658203
1734532200,68.12000274658203
1734618600,68.41999816894531
1734705000,69.19000244140625
1734964200,69.7699966430664
1735050600,71.0
1735223400,71.3499984741211
1735309800,71.0
1735569000,70.38999938964844
